last_name, first_name,player_id,year,player_age,ff_avg_speed,sl_avg_speed,ch_avg_speed,cu_avg_speed,
Sabathia, CC,282332,2019,39,88.8,79.2,82.7,,
Rodney, Fernando,407845,2019,42,94.4,86.3,83,,
Perez, Oliver,424144,2019,38,91.5,78.5,,,
Wainwright, Adam,425794,2019,38,89.6,,83.9,74.9,
Greinke, Zack,425844,2019,36,89.9,83.7,87.4,70.6,
Jackson, Edwin,429719,2019,36,93.5,85.7,87,77.9,
Santana, Ervin,429722,2019,37,90,82.2,83.4,,
Hamels, Cole,430935,2019,36,91.4,,83.3,78,
Hernandez, Felix,433587,2019,33,89.9,83.8,84.7,79.3,
Petit, Yusmeiro,433589,2019,35,89.1,,81.5,76.4,
Verlander, Justin,434378,2019,36,94.6,87.5,86.9,79.4,
Liriano, Francisco,434538,2019,36,92.8,87,87,,
Sanchez, Anibal,434671,2019,35,90.2,83.2,70.7,76.9,
Duke, Zach,435043,2019,36,87.7,80.4,,74.1,
Rondon, Hector,444468,2019,31,96.7,86.8,90.6,,
Dunn, Mike,445197,2019,34,91.4,85.2,,74.8,
Kintzler, Brandon,445213,2019,35,93.1,86.7,87.5,,
Jansen, Kenley,445276,2019,32,,81.8,,,
Chavez, Jesse,445926,2019,36,91.4,86.4,85.2,83.5,
Detwiler, Ross,446321,2019,33,91.6,83.8,84.9,78.1,
Kluber, Corey,446372,2019,33,92,,84.9,82.9,
Hill, Rich,448179,2019,39,90.3,73.1,82.1,74.5,
Doolittle, Sean,448281,2019,33,93.5,80.9,,,
Sipp, Tony,448609,2019,36,90.4,83.2,,,
Guerra, Junior,448855,2019,34,94.6,,,82.1,
Volquez, Edinson,450172,2019,36,93.9,,83.1,80.8,
Morton, Charlie,450203,2019,36,94.7,,,78.6,
Neshek, Pat,450212,2019,39,,81.6,63.4,,
Vargas, Jason,450306,2019,36,84.2,,78.7,70.6,
Davis, Wade,451584,2019,34,93.2,,90.6,82.8,
Lester, Jon,452657,2019,35,90.6,,84.3,74.5,
Hughes, Jared,453172,2019,34,92.8,84.3,84.6,80,
Kennedy, Ian,453178,2019,35,94.4,,87.9,80.5,
Miller, Andrew,453192,2019,34,92.4,82.4,84.2,,
Watson, Tony,453265,2019,34,94.3,85.6,86.1,,
LeBlanc, Wade,453281,2019,35,86.3,,78.6,72.5,
Parker, Blake,453284,2019,34,91.3,,,76,
Scherzer, Max,453286,2019,35,94.9,85.6,84.3,78.5,
Buchholz, Clay,453329,2019,35,89.7,,76.6,75.1,
Melancon, Mark,453343,2019,34,92.2,,,82.1,
Richard, Clayton,453385,2019,36,91.1,79.6,82.1,,
Arrieta, Jake,453562,2019,33,91.9,89.7,87.5,80.6,
Martin, Chris,455119,2019,33,95.9,86.1,89,,
Price, David,456034,2019,34,91.9,,84.1,80.4,
Noesi, Hector,456051,2019,32,,88.1,86.2,80.1,
Cueto, Johnny,456501,2019,33,91.3,84.1,83.4,80.8,
Hernandez, David,456696,2019,34,93.6,,88,82,
Bailey, Homer,456701,2019,33,93,87.3,,78.3,
Guerra, Javy,457915,2019,34,92.7,85.2,83.6,79,
Happ, J.A.,457918,2019,37,92,84.8,86,81,
Albers, Matt,458006,2019,36,93.2,83.4,83.7,,
Wilson, Justin,458677,2019,32,95,83.8,,,
Lynn, Lance,458681,2019,32,94.6,,86.9,81.2,
Tomlin, Josh,458708,2019,35,89.4,,84.7,76.5,
McGee, Jake,459429,2019,33,93.4,80.4,,,
Blevins, Jerry,460283,2019,36,88.8,,82.9,72.3,
Clippard, Tyler,461325,2019,34,90.1,82.6,78.4,74.4,
Gonzalez, Gio,461829,2019,34,89.5,,82.3,75.3,
Swarzak, Anthony,461872,2019,34,93.4,86.1,,,
Estrada, Marco,462136,2019,36,87.3,,75.7,75.4,
Soria, Joakim,465657,2019,35,92.6,81.5,87.6,73,
Strop, Pedro,467008,2019,34,93.5,83.1,,,
Nova, Ivan,467100,2019,32,92.5,,86.2,79.9,
Chacin, Jhoulys,468504,2019,31,90,79.8,82.8,77,
Carrasco, Carlos,471911,2019,32,93.8,84.7,87.8,81.2,
Garcia, Luis,472610,2019,32,97.1,85.2,,,
Dyson, Sam,473879,2019,31,94,82.8,87.3,,
Anderson, Brett,474463,2019,31,89.4,81.9,82.6,75.6,
Roe, Chaz,475054,2019,33,92.1,81.1,,74.9,
Ross, Tyson,475115,2019,32,89.6,83.6,,,
Phelps, David,475479,2019,33,92.7,,86.4,80.1,
Hellickson, Jeremy,476451,2019,32,88.6,,79.8,73.7,
Warren, Adam,476589,2019,32,91.4,85.5,84.9,78.8,
Stock, Robert,476594,2019,30,97.9,82.8,84.9,,
Kershaw, Clayton,477132,2019,31,90.3,86.9,85.2,73.5,
Buchter, Ryan,488748,2019,32,92.4,,,77.6,
Cashner, Andrew,488768,2019,33,93.9,85.7,84.5,80.6,
Miley, Wade,489119,2019,33,90.8,81.7,81.2,75.6,
Romo, Sergio,489265,2019,36,86.5,77.4,80.2,,
Stammen, Craig,489334,2019,35,91.8,,89.1,81.3,
Yates, Kirby,489446,2019,32,93.5,85.2,,,
Gomez, Jeanmar,491646,2019,31,91,83.8,84.5,75.4,
Oh, Seunghwan,493200,2019,37,91.1,82.7,82.5,73.4,
Ottavino, Adam,493603,2019,34,93.8,81.9,,,
Quintana, Jose,500779,2019,30,91.4,,86.5,77,
Pineda, Michael,501381,2019,30,92.5,83.9,87.1,,
Avilan, Luis,501593,2019,30,,,82.4,75.4,
Alvarez, Jose,501625,2019,30,91.4,83.3,82,81.6,
Harris, Will,501789,2019,35,92,,,81.3,
Smith, Joe,501925,2019,35,88.9,79.6,77.9,,
Minor, Mike,501985,2019,32,92.5,86.4,86.2,80.7,
Jeffress, Jeremy,502026,2019,32,94,,,81,
Archer, Chris,502042,2019,31,94.1,88.7,87.7,82.3,
Gibson, Kyle,502043,2019,32,93.4,84.1,85.3,80.1,
Britton, Zack,502154,2019,32,,80.6,,,
Cobb, Alex,502171,2019,32,,,,82.5,
Samardzija, Jeff,502188,2019,34,91.6,84.6,,76.3,
Leake, Mike,502190,2019,32,88.6,80.3,84,79.3,
Boxberger, Brad,502202,2019,31,90,85.3,78.2,,
Cahill, Trevor,502239,2019,31,91.8,,83.4,79.4,
Santiago, Hector,502327,2019,32,91.8,85,83.9,74.6,
Miller, Justin,502522,2019,32,92.1,85.8,88.3,,
Anderson, Chase,502624,2019,32,93.3,,82.7,77.8,
Holland, Derek,502706,2019,33,,81.1,83.9,77.7,
Peacock, Brad,502748,2019,31,92.5,81.3,83.4,78.6,
Peralta, Wily,503449,2019,30,94.3,82.1,84.8,74.7,
Nicasio, Juan,504379,2019,33,93.8,86.7,84.7,,
Darvish, Yu,506433,2019,33,94.1,82.4,83.8,77.2,
Herrera, Kelvin,516969,2019,30,96.3,81.7,88.6,,
Colome, Alex,517008,2019,31,94.4,,91.2,,
Alexander, Scott,518397,2019,30,,84.2,87,,
Bettis, Chad,518452,2019,30,93,,87,77.3,
Brasier, Ryan,518489,2019,32,96.1,85.2,87.4,,
Bumgarner, Madison,518516,2019,30,91.4,,84.2,78.8,
Cishek, Steve,518553,2019,33,90.5,78.9,83.9,,
Cole, Taylor,518566,2019,30,93.2,87.4,86.9,82.2,
Diekman, Jake,518617,2019,32,95.8,85,90,,
Duffy, Danny,518633,2019,31,92.3,84,83.8,76.1,
Gearrin, Cory,518715,2019,33,91,85.2,85.3,,
Harvey, Matt,518774,2019,30,93.2,87.2,85.7,81.4,
Holland, Greg,518813,2019,34,91.6,84.3,83.8,77.5,
Kelley, Shawn,518875,2019,35,91.9,82.4,83.3,,
Kelly, Merrill,518876,2019,31,92,,86,80.6,
Kimbrel, Craig,518886,2019,31,96.2,,,85.9,
McFarland, T.J.,519008,2019,30,89.2,80.9,82,,
Nelson, Jimmy,519076,2019,30,92.3,85.5,87.2,82.8,
Otero, Dan,519096,2019,34,88.6,78.9,82.2,,
Pomeranz, Drew,519141,2019,31,92.8,,85.6,81.2,
Porcello, Rick,519144,2019,31,91,84.3,80.8,74.9,
Pressly, Ryan,519151,2019,31,95.5,90.2,,83,
Ramirez, Neil,519166,2019,30,94.4,84.6,,79.4,
Sale, Chris,519242,2019,30,93.4,79,85.2,,
Smith, Will,519293,2019,30,92.6,81.6,87,77.1,
Strickland, Hunter,519326,2019,31,95.9,83.6,89.4,,
Walden, Marcus,519393,2019,31,94.1,85.6,,,
Workman, Brandon,519443,2019,31,92.9,,,80.6,
Zimmermann, Jordan,519455,2019,33,90.5,85.8,87.1,80.2,
Baez, Pedro,520980,2019,31,95.8,86.3,86.2,,
Hendriks, Liam,521230,2019,30,96.5,88.5,,84.4,
Font, Wilmer,521655,2019,29,94.4,84.1,,76.4,
Kelly, Joe,523260,2019,31,97.5,,87.6,87.2,
Perez, Martin,527048,2019,28,94.2,,85.3,79.2,
Teheran, Julio,527054,2019,28,89.7,82.2,83.6,74.8,
Osuna, Roberto,532077,2019,24,96.7,88.2,84.4,83.1,
Shoemaker, Matt,533167,2019,33,90.3,81.7,,76.4,
Cisnero, Jose,542585,2019,30,96.4,86.6,90.6,,
Adams, Austin,542866,2019,33,96.2,86.7,89.8,,
Anderson, Tyler,542881,2019,30,91.2,,79.9,73.4,
Andriese, Matt,542882,2019,30,92.5,85,86,80.9,
Armstrong, Shawn,542888,2019,29,93.4,83,,,
Bass, Anthony,542914,2019,32,95.3,87.3,,,
Bleier, Richard,542947,2019,32,85.8,79.7,81.4,,
Boshers, Buddy,542953,2019,31,,,84.4,80.4,
Brach, Brad,542960,2019,33,94.1,85.4,86.6,,
Carpenter, Ryan,543001,2019,29,90,81.5,83.3,76.1,
Chatwood, Tyler,543022,2019,30,96.1,,87.7,81.4,
Cole, Gerrit,543037,2019,29,97.1,89.2,88.6,82.6,
Conley, Adam,543045,2019,29,95.3,86.1,86.5,82.9,
DeSclafani, Anthony,543101,2019,29,94.7,89.4,88.5,83.3,
Drake, Oliver,543118,2019,32,93.5,,,,
Eovaldi, Nathan,543135,2019,29,97.4,84.9,,80.5,
Flynn, Brian,543169,2019,29,90.7,82.5,82.6,,
Gagnon, Drew,543193,2019,29,92.1,84.4,82.1,79.1,
Gaviglio, Sam,543208,2019,29,,84.3,82.5,79.8,
Gray, Sonny,543243,2019,30,93.3,84.7,89.7,81.9,
Hand, Brad,543272,2019,29,92.7,81.2,,,
Hardy, Blaine,543278,2019,32,88.2,,79.2,76.5,
Hendricks, Kyle,543294,2019,30,87.2,,78.6,71.4,
Hudson, Daniel,543339,2019,32,96.2,86.7,88.6,,
Jackson, Jay,543351,2019,32,94.4,85.9,87.2,,
Lyles, Jordan,543475,2019,29,92.6,87.5,85.6,80.6,
Magill, Matt,543483,2019,30,95.2,88.4,89.7,85.9,
May, Trevor,543507,2019,30,95.5,83.9,87.6,78.9,
McHugh, Collin,543521,2019,32,90.8,79.5,83.8,74.5,
Melville, Tim,543532,2019,30,89.2,83.1,82.5,75.4,
Milone, Tommy,543548,2019,32,87.1,79.1,79.4,75.3,
Montgomery, Mike,543557,2019,30,91.6,,84.3,77.7,
Odorizzi, Jake,543606,2019,29,92.9,,,75.4,
Roark, Tanner,543699,2019,33,92.1,86.3,84.1,75.7,
Shaw, Bryan,543766,2019,32,,83.1,84,80.8,
Vincent, Nick,543883,2019,33,88.9,83.5,83.7,,
Weber, Ryan,543901,2019,29,88.4,86.3,81.6,77.6,
Webster, Allen,543903,2019,29,94.4,88.1,87.8,,
Wilson, Alex,543935,2019,33,91.6,85.7,88.8,,
Banuelos, Manny,544365,2019,28,92,85.3,82.6,78.8,
Familia, Jeurys,544727,2019,30,95.9,88.1,,,
Lyons, Tyler,544928,2019,31,89.8,79.6,83.8,,
Strasburg, Stephen,544931,2019,31,93.9,87.8,87.7,81.2,
Diaz, Jairo,545064,2019,28,97.2,88.2,,,
Bauer, Trevor,545333,2019,28,94.5,79.6,86,79.1,
Lorenzen, Michael,547179,2019,27,97.2,87.1,87.4,83.8,
Tanaka, Masahiro,547888,2019,31,91.5,83.3,,76.1,
Ryu, Hyun Jin,547943,2019,32,90.7,80.7,80,72.7,
Chapman, Aroldis,547973,2019,31,98,85.2,88.1,,
Stripling, Ross,548389,2019,30,90.6,86.3,82.7,79.8,
Kittredge, Andrew,552640,2019,29,95.2,88.3,85.8,,
Vazquez, Felipe,553878,2019,28,98.5,86.8,88.5,82.5,
Garcia, Yimi,554340,2019,29,94.2,86.9,87.3,83.2,
Wheeler, Zack,554430,2019,29,96.8,91.2,89,80.7,
Pena, Felix,570240,2019,29,91.2,82.5,83.9,,
Valdez, Phillips,570488,2019,28,91.7,84.7,84.8,,
Urena, Jose,570632,2019,28,94.8,85.8,90.1,84.7,
Robles, Hansel,570663,2019,29,97.2,89.1,89.5,,
Cessa, Luis,570666,2019,27,94.6,84.8,87.1,80.7,
Boyd, Matthew,571510,2019,28,92.1,79.6,79.1,72.2,
Corbin, Patrick,571578,2019,30,91.8,81.7,81.8,67.8,
Farmer, Buck,571656,2019,28,95,82.4,88.1,,
Fiers, Mike,571666,2019,34,90.4,85.8,84.1,74.1,
Floro, Dylan,571670,2019,29,94,87.9,87.2,,
Giles, Ken,571704,2019,29,96.9,86.4,,,
Givens, Mychal,571710,2019,29,95.3,87.1,84.7,,
Hale, David,571735,2019,32,93.7,,82.2,82.1,
Heaney, Andrew,571760,2019,28,,,84.7,79.4,
Kline, Branden,571858,2019,28,96.2,86.6,87.6,,
Koch, Matt,571863,2019,29,92.3,,85.5,79.9,
Law, Derek,571882,2019,29,94,84.7,85.8,76.8,
Markel, Parker,571917,2019,29,95.6,83.1,84.6,,
Matz, Steven,571927,2019,28,,89.5,84.3,78.5,
Mikolas, Miles,571945,2019,31,93.7,87,87.7,78.3,
Miller, Shelby,571946,2019,29,94.3,79.7,86.7,79.4,
Paxton, James,572020,2019,31,95.4,,86.2,81.1,
Rosenthal, Trevor,572096,2019,29,98,88,87.6,,
Skaggs, Tyler,572140,2019,28,91.3,,83.8,75.1,
Smith, Burch,572143,2019,29,92.6,85.7,82.2,78.2,
Tepera, Ryan,572193,2019,32,93.4,82.3,85.6,,
Erlin, Robbie,572362,2019,29,90.7,88.2,83.5,76.2,
VerHagen, Drew,572403,2019,29,93.8,84.8,89.1,78.5,
Bard, Luke,572703,2019,29,94.2,86,87.2,,
Greene, Shane,572888,2019,31,93.9,80.2,85.4,,
Keuchel, Dallas,572971,2019,31,89.4,78.4,79.7,,
Lucas, Josh,572998,2019,29,90.3,83.3,,81.5,
Morin, Mike,573046,2019,28,91.6,81.8,72.6,,
Rogers, Taylor,573124,2019,29,94.6,82.8,,79.9,
Rosscup, Zac,573127,2019,31,92.4,86.2,,,
Straily, Dan,573185,2019,31,90.2,83.6,84,76.1,
Stroman, Marcus,573186,2019,28,92.9,85.7,87,75,
Minaya, Juan,573668,2019,29,93.4,84.4,88.1,83.6,
Kikuchi, Yusei,579328,2019,28,92.5,86,84.5,75,
Goody, Nick,580792,2019,28,92.6,82.3,,,
Velazquez, Hector,584171,2019,31,92.2,83.1,85.9,77.6,
Ramos, Edubray,591693,2019,27,91.5,80.8,89.1,,
Adam, Jason,592094,2019,28,94.4,,89.4,77.7,
Allen, Cody,592102,2019,31,92.2,,,82.6,
Bedrosian, Cam,592135,2019,28,92.9,83.2,,,
Biddle, Jesse,592145,2019,28,93.8,87.1,,77.2,
Brennan, Brandon,592165,2019,28,94.5,87.1,84.6,,
Brice, Austin,592169,2019,27,93.1,,87.1,81.7,
Claudio, Alex,592222,2019,27,85.5,76.6,73.3,69.9,
Covey, Dylan,592229,2019,28,94.2,83.4,85.7,82,
Crichton, Stefan,592233,2019,27,93.6,,87.3,78.8,
Eades, Ryan,592280,2019,28,91.9,83.1,82.9,,
Foltynewicz, Mike,592314,2019,28,94.8,85.4,86.7,79.4,
Gausman, Kevin,592332,2019,28,93.9,82.3,82.6,,
Gonzalez, Chi Chi,592346,2019,27,92.4,82,86.5,,
Gray, Jon,592351,2019,28,96,88.3,86.7,78.6,
Hembree, Heath,592390,2019,30,93.6,87.5,,81.7,
Jackson, Luke,592426,2019,28,96.1,87.7,83.7,83.8,
Kahnle, Tommy,592454,2019,30,96.5,83.3,90,,
Kingham, Nick,592468,2019,28,91.9,82,85.1,80.1,
Kolarek, Adam,592473,2019,30,91.6,75.7,81.4,,
Osich, Josh,592612,2019,31,94.4,77.9,84.1,,
Plutko, Adam,592644,2019,28,91.1,80,84.1,77.3,
Ray, Robbie,592662,2019,28,92.4,84.2,,81.6,
Sadzeck, Connor,592712,2019,28,96.4,89.9,90.6,,
Sampson, Adrian,592716,2019,28,,83.9,87.4,79.3,
Sanchez, Aaron,592717,2019,27,93.4,,88,78.4,
Smith, Caleb,592761,2019,28,91.6,83.5,82.6,,
Smyly, Drew,592767,2019,30,91.2,,82.5,77.4,
Stanek, Ryne,592773,2019,28,97.5,89.6,,,
Stewart, Brock,592779,2019,28,91.7,83.6,82.7,,
Syndergaard, Noah,592789,2019,27,97.8,89.1,91.1,80.4,
Taillon, Jameson,592791,2019,28,94.7,88.7,88,82.2,
Thornburg, Tyler,592804,2019,31,93.7,,85.5,78.3,
Tuivailala, Sam,592815,2019,27,93.5,86.8,,78.8,
Velasquez, Vince,592826,2019,27,94.2,86.4,,83.1,
Wick, Rowan,592858,2019,27,95.8,83.5,,76.9,
Williams, Taylor,592865,2019,28,95.3,86.3,89.6,,
Williams, Trevor,592866,2019,27,91.7,82.9,83.6,76.7,
Wojciechowski, Asher,592879,2019,31,91.5,80.6,85.4,,
Feliz, Michael,593140,2019,26,95.1,81.8,86.1,,
Rodriguez, Richard,593144,2019,29,93.2,81.6,86.9,,
German, Domingo,593334,2019,27,93.4,,87,81.7,
Martinez, Carlos,593372,2019,28,96.6,86.1,88.1,,
Montas, Frankie,593423,2019,26,96.8,88.4,,,
Neris, Hector,593576,2019,30,94.4,,,,
Ynoa, Gabriel,593679,2019,26,93.4,84,85.9,79.9,
Suero, Wander,593833,2019,28,94.5,,87.5,79.5,
Rodriguez, Eduardo,593958,2019,26,93,84.7,87.6,82.3,
Peralta, Wandy,593974,2019,28,95.8,87.5,87.4,,
Guerrero, Tayron,594027,2019,28,98.9,87.3,,,
Gustave, Jandel,594311,2019,27,96.1,85.4,,,
Mayers, Mike,594577,2019,28,94.8,85.7,89.2,76.8,
Dayton, Grant,594795,2019,32,90.6,90.8,,75.4,
deGrom, Jacob,594798,2019,31,96.9,92.4,90.2,84.3,
Gonzales, Marco,594835,2019,27,88.1,,81.2,76.3,
Grace, Matt,594840,2019,31,,83.4,85.3,77.8,
Ponce de Leon, Daniel,594965,2019,27,93.3,84.4,83.1,77.9,
Ryan, Kyle,594986,2019,28,89.8,,84.3,79.8,
Sadler, Casey,594987,2019,29,93.3,,86.8,81.7,
Smith, Josh A.,595001,2019,32,91.3,86.9,81.7,78,
Treinen, Blake,595014,2019,31,97,88.5,,,
Eickhoff, Jerad,595191,2019,29,89.4,83.8,,74.6,
Winkler, Dan,595465,2019,29,92.1,,,83.3,
Alaniz, R.J.,595798,2019,28,93.7,85.7,86.7,83.4,
Beede, Tyler,595881,2019,26,94.2,86.3,83.9,80.3,
Cole, A.J.,595918,2019,27,94.4,83.8,86.5,78.8,
Junis, Jakob,596001,2019,27,91.7,82.4,84.6,79.3,
Maples, Dillon,596027,2019,27,96.7,89.5,,84.8,
McClain, Reggie,596035,2019,27,,84,87.8,,
Mengden, Daniel,596043,2019,26,91.5,83.4,82.9,72.5,
Norris, Daniel,596057,2019,26,90.8,84.3,85.7,75.8,
Peters, Dillon,596071,2019,27,91,82.9,84,76.7,
Shafer, Justin,596101,2019,27,94.3,85.6,,,
Stephenson, Robert,596112,2019,26,94.9,84.5,,,
Weaver, Luke,596133,2019,26,93.8,,84.5,81.3,
Neverauskas, Dovydas,596720,2019,26,95.8,,91.3,84.2,
Johnson, DJ,597113,2019,30,93.2,,83.9,82.5,
Barnes, Matt,598264,2019,29,96.6,,,85.5,
Johnson, Brian,598271,2019,29,88.9,77.6,84.1,74.9,
Ramirez, Nick,598286,2019,30,90,,79.1,78.3,
Ramirez, Noe,598287,2019,30,89.1,,84.2,77.7,
Leclerc, Jose,600917,2019,26,96.8,82,89.8,76.9,
Rosario, Randy,600968,2019,25,94.4,87.1,,80.5,
Pivetta, Nick,601713,2019,26,94.6,85.7,87.5,80.5,
Anderson, Justin,605121,2019,27,94.6,84.5,88,,
Barlow, Scott,605130,2019,27,94.1,83.7,87.3,77.2,
Bassitt, Chris,605135,2019,30,93.9,79.2,85,70.3,
Black, Ray,605143,2019,29,98.2,86,,,
Bradley, Archie,605151,2019,27,95.5,,88.4,82.1,
Brebbia, John,605154,2019,29,93.5,83.7,87.2,,
Brewer, Colten,605155,2019,27,95.4,88.3,89.3,82,
Brooks, Aaron,605156,2019,29,92,85.6,84.7,78.6,
Bundy, Dylan,605164,2019,27,91.1,81.1,83.4,74.8,
Chafin, Andrew,605177,2019,29,93.6,84.4,,,
Clevinger, Mike,605182,2019,29,95.4,80.7,87.1,77.6,
Crick, Kyle,605195,2019,27,95.3,81.5,89,,
Davies, Zach,605200,2019,26,,80.4,80,75.5,
Edwards Jr., Carl,605218,2019,28,93.9,,87.8,79.2,
Fry, Jace,605240,2019,26,92.9,,86.1,78.4,
Guerrieri, Taylor,605260,2019,27,93.8,,86.8,80.5,
Hess, David,605276,2019,26,93,83.4,85.5,77.3,
Holmes, Clay,605280,2019,26,94,86.8,87.1,81.6,
Houser, Adrian,605288,2019,26,94.5,87.9,85.4,80.6,
Kela, Keone,605309,2019,26,96.2,,90.4,81.8,
Lopez, Jorge,605347,2019,26,94.3,88.4,87.5,81.7,
Marshall, Evan,605359,2019,29,93.7,,87.6,83.2,
Morgan, Adam,605388,2019,29,92.8,81.3,83.5,77.2,
Musgrove, Joe,605397,2019,27,92.7,83.2,85.3,82.1,
Nola, Aaron,605400,2019,26,93.1,,85.8,79.1,
Rios, Yacksel,605441,2019,26,96.2,86,88.5,84.4,
Rodriguez, Dereck,605446,2019,27,90.7,,84.5,75.6,
Romano, Jordan,605447,2019,26,94.6,84.7,,,
Ross, Joe,605452,2019,26,94.1,88,87.9,81.3,
Scott, Tayler,605463,2019,27,94.7,88.9,,,
Shepherd, Chandler,605469,2019,27,92.1,86,85.9,81.8,
Smith, Josh D.,605479,2019,30,90.6,80.2,84.6,,
Sneed, Cy,605482,2019,27,92.5,81.7,79.6,79.2,
Snell, Blake,605483,2019,27,95.5,87.3,86.3,81,
Springs, Jeffrey,605488,2019,27,92.1,83.7,80.3,,
Suarez, Andrew,605498,2019,27,92.6,84.4,87.1,76,
Tarpley, Stephen,605501,2019,26,92.5,81.4,87.4,76.9,
Turnbull, Spencer,605513,2019,27,93.6,86.5,86.6,80.3,
Wendelken, J.B.,605525,2019,26,94.8,85.1,86.4,80.2,
Wisler, Matt,605538,2019,27,92.9,83.5,,75.4,
Woodruff, Brandon,605540,2019,26,96.3,88.4,87,81.2,
Wright Jr., Mike,605541,2019,29,93.3,88.7,83.9,82.9,
Perdomo, Luis,606131,2019,26,95.1,86.6,,,
Gallegos, Giovanny,606149,2019,28,93.7,85.4,87.2,,
Montero, Rafael,606160,2019,29,95.9,85.1,89.9,,
Ramirez, Yefry,606162,2019,26,93.1,88.3,86.9,80.3,
Mejia, Adalberto,606167,2019,26,93,84.5,81.1,,
Elias, Roenis,606273,2019,31,93.9,,86.6,77.6,
Garcia, Jarlin,606424,2019,26,93.3,84.4,86.9,,
Moronta, Reyes,606625,2019,26,97.2,83.4,89.8,,
Barnes, Jacob,606930,2019,29,93.6,82.1,,,
Davis, Rookie,606959,2019,26,91.4,82.6,83.8,81,
Devenski, Chris,606965,2019,29,94.7,81.6,84,,
Rodon, Carlos,607074,2019,27,91.4,83.8,84.1,,
Faria, Jake,607188,2019,26,93.5,84.3,,,
Glasnow, Tyler,607192,2019,26,96.9,,92.6,83.5,
Fedde, Erick,607200,2019,26,89.3,,85.3,79.2,
Skoglund, Eric,607215,2019,27,89.8,,84.1,78.8,
Romano, Sal,607219,2019,26,95.3,87.1,,81.4,
Gsellman, Robert,607229,2019,26,95.7,90.5,87.2,81.3,
Gant, John,607231,2019,27,95.9,,83.1,77.1,
Garrett, Amir,607237,2019,27,95.8,85.8,,,
Biagini, Joe,607352,2019,29,93.8,,87.1,77,
Tropeano, Nick,607374,2019,29,90.8,78.9,81.6,,
Mazza, Chris,607391,2019,30,90.6,82,84.5,,
Barraclough, Kyle,607457,2019,29,93.4,82.5,87.4,80.2,
Bradford, Chasen,607473,2019,30,90.6,84.7,84.4,,
Bummer, Aaron,607481,2019,26,95.1,84.9,89.9,,
Freeland, Kyle,607536,2019,26,92,86.7,86.6,81.2,
Guilbeau, Taylor,607555,2019,26,94.6,86.4,87.7,,
Harper, Ryne,607560,2019,30,89.3,,76.1,75.6,
Howard, Sam,607572,2019,26,92.6,85.1,,,
Lugo, Seth,607625,2019,30,94.5,88,87.9,79.6,
Means, John,607644,2019,26,91.7,83.6,80.9,77,
Estevez, Carlos,608032,2019,27,97.8,87.7,90.5,,
Fried, Max,608331,2019,25,93.8,83.7,84.8,74.5,
Fulmer, Carson,608334,2019,26,93.6,,86.5,82.8,
Giolito, Lucas,608337,2019,25,94.2,84.6,81.7,79.4,
Irvin, Cole,608344,2019,25,89.8,84.2,83.4,76.4,
Sims, Lucas,608371,2019,25,93.5,83.3,86.5,81.6,
Wacha, Michael,608379,2019,28,93,,85.5,75.3,
Marquez, German,608566,2019,24,95.7,87.4,87.8,84.9,
Chargois, JT,608638,2019,29,95.5,86.8,,,
Duffey, Tyler,608648,2019,29,93.9,,86,82.3,
Leone, Dominic,608678,2019,28,94.3,83.7,88.1,,
Steckenrider, Drew,608716,2019,28,94.7,,,82.6,
Stratton, Chris,608717,2019,29,92.2,84.5,84.8,77.1,
Suter, Brent,608718,2019,30,87.5,,80.5,74,
Voth, Austin,608723,2019,27,92.7,86.7,86,79.5,
Castro, Miguel,612434,2019,25,,86.1,90.6,,
Chen, Wei-Yin,612672,2019,34,91.4,85.8,84,74.1,
Bird, Kyle,613317,2019,26,91.3,79.9,,,
Adams, Austin,613534,2019,28,95.1,89.4,,,
Ruiz, Jose,614179,2019,25,96.4,88.3,86.9,82.1,
Quantrill, Cal,615698,2019,24,94.5,86.4,84.6,79.5,
Wood, Hunter,621056,2019,26,93.6,86.6,86.2,76.7,
Marvel, James,621086,2019,26,90.3,,84.5,79.6,
Waguespack, Jacob,621097,2019,26,92.3,85.8,83,78.7,
Eflin, Zach,621107,2019,25,93.8,87.1,86.7,77.9,
Buehler, Walker,621111,2019,25,96.5,86.8,91.6,80.7,
Blackburn, Paul,621112,2019,26,90,86.9,84.9,79,
Burr, Ryan,621114,2019,25,95,83.1,,,
Lockett, Walker,621141,2019,25,92.5,,86.4,80,
Buttrey, Ty,621142,2019,26,97.1,83.8,87.6,,
Bowman, Matt,621199,2019,28,92.5,89.3,,80.6,
Mills, Alec,621219,2019,28,89.5,78.2,80.7,67.6,
Alvarado, Jose,621237,2019,24,98,,,86.8,
Diaz, Edwin,621242,2019,25,97.5,89.5,,,
Berrios, Jose,621244,2019,25,93.1,,82.5,81.2,
Underwood Jr., Duane,621249,2019,25,94.8,,88.3,82,
Wittgren, Nick,621295,2019,28,92.3,83.7,85.6,78.4,
Minter, A.J.,621345,2019,26,96,86.3,86.1,,
Poche, Colin,621363,2019,25,92.9,,,83.9,
Strahm, Matt,621381,2019,28,91.4,86,84.3,80.2,
Stumpf, Daniel,621385,2019,28,92.2,81.3,85.9,,
Blach, Ty,621389,2019,29,,81.9,79.9,77.1,
Olson, Tyler,621397,2019,30,87,,81.5,73.5,
Young, Alex,622065,2019,26,89.8,,84.5,81.5,
Wood, Alex,622072,2019,28,90,,83.6,81.4,
Almonte, Yency,622075,2019,25,95.7,85.8,89,,
Zimmer, Kyle,622092,2019,28,96.4,85.2,87.9,79.7,
Reyes Jr., Gerardo,622103,2019,26,96.9,88.1,,82.3,
Staumont, Josh,622251,2019,26,95.9,,,81.6,
Tate, Dillon,622253,2019,25,93.6,85.1,84.7,84,
Wingenter, Trey,622259,2019,25,95.9,85.8,,,
Rodriguez, Jefry,622446,2019,26,93.9,,87.8,80.9,
Castillo, Luis,622491,2019,27,96.4,85.9,87.2,,
Alcantara, Victor,622505,2019,26,,89.2,88.2,,
Dominguez, Seranthony,622554,2019,25,97.3,89.6,91.1,,
Senzatela, Antonio,622608,2019,24,93.7,84.4,87,78.8,
Hernandez, Elieser,622694,2019,24,90.6,78.5,82.2,,
Cordero, Jimmy,622772,2019,28,97.4,83.5,88.5,,
Tinoco, Jesus,622786,2019,24,94.5,87.7,,82.5,
Payano, Pedro,622797,2019,25,,84.2,83.2,79.8,
Romero, Fernando,622864,2019,25,96.6,87.3,92.2,,
Sewald, Paul,623149,2019,29,91,81.8,81.2,,
Flexen, Chris,623167,2019,25,94.3,,83.6,78.1,
Oberg, Scott,623184,2019,29,94.3,85.6,87.9,,
Hader, Josh,623352,2019,25,95.5,81.9,86.8,,
Wieck, Brad,623364,2019,28,93.7,84.1,,74.8,
Pannone, Thomas,623381,2019,25,89.7,84.4,83.4,73.7,
Dull, Ryan,623430,2019,30,91.1,82.8,85.8,,
Anderson, Nick,623433,2019,29,96,,,83.1,
Phillips, Evan,623465,2019,25,94.1,84.6,85.6,,
Newberry, Jake,623470,2019,25,93.8,83.6,87,,
Wang, Wei-Chung,623913,2019,27,91.4,84.1,83.6,76.8,
Suarez, Ranger,624133,2019,24,92.9,84.9,84.9,,
Lopez, Reynaldo,625643,2019,25,95.4,84.4,84,78.3,
Thorpe, Lewis,626929,2019,24,91.2,84.6,84.2,73.6,
Maeda, Kenta,628317,2019,31,92.1,83.5,,77.1,
Despaigne, Odrisamer,628333,2019,32,93,80.9,78.5,73.1,
Iglesias, Raisel,628452,2019,29,95.4,84.1,89,,
Urias, Julio,628711,2019,23,95.1,84.6,82.2,77.3,
Chirinos, Yonny,630023,2019,26,94.3,87.5,,,
Manaea, Sean,640455,2019,27,,79.3,81,,
Stewart, Kohl,640464,2019,25,91.9,84.7,85,77.3,
Alzolay, Adbert,640470,2019,24,94.3,79.7,85.2,,
Parsons, Wes,641149,2019,27,94.1,85.9,87.1,,
Lopez, Pablo,641154,2019,23,93.6,,85.7,79.8,
Alexander, Tyler,641302,2019,25,90.6,85.3,84.1,81,
Anderson, Shaun,641312,2019,25,92.6,86.3,86,77.8,
Bashlor, Tyler,641341,2019,26,95.6,82.2,87.4,,
Cortes Jr., Nestor,641482,2019,25,89.6,81.5,82.4,71.2,
Duplantier, Jon,641541,2019,25,92.2,83.4,84,78.4,
Fillmyer, Heath,641571,2019,25,92.2,83.3,86.2,78.6,
Gott, Trevor,641627,2019,27,94.7,86,89,81.1,
Hudson, Dakota,641712,2019,25,93.9,87.4,88.1,81.9,
Jimenez, Joe,641729,2019,24,95.1,86.2,89.2,,
Kay, Anthony,641743,2019,24,93.4,,85.4,78.1,
Keller, Brad,641745,2019,24,93.7,84.9,87.8,,
Kinley, Tyler,641755,2019,28,94.9,88.5,,,
Lauer, Eric,641778,2019,24,91.8,81.6,85.9,77.1,
Littell, Zack,641793,2019,24,93.8,86.4,87.9,74.1,
Mahle, Tyler,641816,2019,25,93.3,,,80.4,
Mayza, Tim,641835,2019,27,93.6,87.8,,,
McCarthy, Kevin,641838,2019,27,90.8,88,83.9,82.9,
McGowin, Kyle,641851,2019,28,91.5,83.5,84.4,79.9,
McKay, David,641853,2019,24,,,,78.4,
Pagan, Emilio,641941,2019,28,95.5,,,80.3,
Rogers, Josh,642028,2019,25,89.4,80.3,82.2,77.8,
Shawaryn, Mike,642067,2019,25,91.8,84.9,84.5,81,
Sherfy, James,642073,2019,28,92.5,78.2,85.5,71.2,
Sparkman, Glenn,642098,2019,27,93.4,82.3,85.7,79,
Trivino, Lou,642152,2019,28,97.4,,87.6,79.8,
Williams, Devin,642207,2019,25,96.4,87.8,85.9,,
Yacabonis, Jimmy,642231,2019,27,93.2,82.7,87,,
Yarbrough, Ryan,642232,2019,28,86.1,,79.5,72.8,
Yardley, Eric,642233,2019,29,86.3,,,72.1,
Soto, Gregory,642397,2019,24,96,85,88.3,,
Loaisiga, Jonathan,642528,2019,25,96.8,,89.6,84.2,
Barria, Jaime,642545,2019,23,91.7,83.9,83.2,,
Hernandez, Jonathan,642546,2019,23,96,88.5,89.7,,
Peralta, Freddy,642547,2019,23,93.6,,89.9,77.2,
Jurado, Ariel,642558,2019,23,93.1,85.3,85.3,80.3,
Rodriguez, Jose,642578,2019,24,93.4,84.6,86.1,80,
Agrazal, Dario,642607,2019,25,90.8,83,85.6,,
Harvey, Joe,642840,2019,27,95.2,87.2,90.8,,
Brault, Steven,643230,2019,27,92.1,81.2,84.3,71.1,
Cimber, Adam,643256,2019,29,85.9,75.4,,,
Fry, Paul,643316,2019,27,90.7,83.9,87.7,,
Godley, Zack,643327,2019,29,91.3,,83.3,81.8,
Green, Chad,643338,2019,28,96.4,87.6,,,
Palumbo Jr., Joe,643478,2019,25,93.9,,87.1,78.9,
Pruitt, Austin,643493,2019,30,91.9,87.4,86.1,81.6,
Rogers, Tyler,643511,2019,29,82.2,72.8,,,
Zeuch, T.J.,643615,2019,24,90.7,83.4,83.1,75.5,
Reininger, Zac,643617,2019,26,94.4,83.8,84.2,80.5,
Webb, Tyler,643778,2019,29,89.9,,79.7,76.7,
Alcantara, Sandy,645261,2019,24,95.6,86,89.1,82,
Soroka, Mike,647336,2019,22,92.9,83.2,81.2,,
Hernandez, Darwinzon,650382,2019,23,95.5,82.7,,76,
Civale, Aaron,650644,2019,24,92,83.6,84.2,75.5,
Quijada, Jose,650671,2019,24,93.3,,85.4,80.2,
Cabrera, Genesis,650893,2019,23,96.4,,88.2,82.7,
Castillo, Diego,650895,2019,25,98.4,88.7,,,
Altavilla, Dan,656186,2019,27,96.6,87.9,,,
Beeks, Jalen,656222,2019,26,92,,87.2,75.1,
Brigham, Jeff,656257,2019,27,96.6,83,,,
Burke, Brock,656271,2019,23,92,84.7,85.2,80.3,
Canning, Griffin,656288,2019,23,93.9,88.9,89.1,82,
Cease, Dylan,656302,2019,24,96.5,84.7,83.1,79.5,
Coonrod, Sam,656322,2019,27,96.6,86.5,88.7,,
Davis, Austin,656354,2019,26,93.8,84.5,84.8,82.6,
Flaherty, Jack,656427,2019,24,94.3,84.8,86.2,78.2,
Ginkel, Kevin,656464,2019,25,93.5,83.5,83.7,,
Hoffman, Jeff,656546,2019,26,93.7,83.7,84.3,77.1,
Holder, Jonathan,656547,2019,26,92.1,80.8,86,,
Keller, Mitch,656605,2019,23,95.4,87.6,91,81.1,
Martin, Brett,656685,2019,24,94,85.1,,80.9,
Martin, Corbin,656686,2019,24,95.3,89,87.3,83.6,
McKay, Brendan,656713,2019,24,93.7,,86.4,81.7,
McRae, Alex,656725,2019,26,92.3,87.2,86.2,80,
Newcomb, Sean,656794,2019,26,94.3,81.4,87.4,78.8,
Reid-Foley, Sean,656887,2019,24,92.5,83.8,85.6,81.1,
Scott, Tanner,656945,2019,25,95.9,88.7,,,
Sheffield, Justus,656954,2019,23,92.8,84.2,87.7,79.4,
Smeltzer, Devin,656970,2019,24,89.1,82.8,82.8,76.8,
Sobotka, Chad,656977,2019,26,96.1,84.8,87.3,,
Swanson, Erik,657024,2019,26,92.7,85.4,85.8,,
Taylor, Josh,657031,2019,26,94.8,87.5,88.6,79.9,
Toussaint, Touki,657053,2019,23,93.7,,,77.5,
Webb, Jacob,657097,2019,26,95.1,,85.8,81.6,
Wright, Kyle,657140,2019,24,94.7,87.1,85.6,80.7,
Yamamoto, Jordan,657141,2019,23,91.5,78.9,83,74.7,
Jewell, Jake,657228,2019,26,94.4,84.8,88.6,,
Webb, Logan,657277,2019,23,93.2,81.9,84.9,,
DuRapau, Montana,657566,2019,27,92.2,,85.3,81.2,
Ferguson, Caleb,657571,2019,23,94.4,,85.8,76.2,
Garrett, Reed,657585,2019,26,95.7,85.2,,,
Hildenberger, Trevor,657610,2019,29,90.8,76.6,76.7,,
Hill, Tim,657612,2019,29,90.4,78,,,
James, Josh,657624,2019,26,97.1,84.5,89,81.6,
Garcia, Edgar,658305,2019,23,93.8,87.1,89.1,,
Fernandez, Junior,658551,2019,22,,86.9,86.1,,
Wilkerson, Aaron,658792,2019,30,89.8,82.7,83.2,74.5,
Lamet, Dinelson,659275,2019,27,95.9,86.2,92.2,85.5,
Armenteros, Rogelio,660494,2019,25,90.9,84.3,82.7,78.8,
Suarez, Jose,660761,2019,21,91.7,81.4,81.7,75.8,
Lopez, Yoan,661255,2019,26,96.2,84.3,91.5,,
Clase, Emmanuel,661403,2019,21,99.5,90.5,,,
Munoz, Andres,662253,2019,20,99.9,86.3,95.7,,
Thornton, Trent,663423,2019,26,92.9,80.5,83.3,73.7,
Rainey, Tanner,663432,2019,27,97.7,87.2,90.4,,
Allard, Kolby,663465,2019,22,92.4,,81.6,77.6,
Allen, Logan,663531,2019,22,92.6,83.5,82.4,76.6,
Lambert, Peter,663567,2019,22,92.7,87.6,85.2,78,
Sandoval, Patrick,663776,2019,23,93,86.6,83.6,78,
Hicks, Jordan,663855,2019,23,100.9,87,91,,
Paddack, Chris,663978,2019,23,93.9,,84.5,76.1,
Lovelady, Richard,663992,2019,24,93.4,87.3,89.3,,
Lakins Sr., Travis,664042,2019,25,93.7,,87.3,81.7,
Eshelman, Thomas,664045,2019,25,85.5,80.8,78.7,76.2,
Stashak, Cody,664054,2019,25,91.7,82.2,85.4,,
Gonsolin, Tony,664062,2019,25,93.6,88,,80.5,
Fairbanks, Pete,664126,2019,26,97.4,89.9,,,
Hartlieb, Geoff,664129,2019,26,96.4,85.2,90.1,,
Gibaut, Ian,664139,2019,26,95.2,87.6,85.7,,
Bergen, Travis,664157,2019,26,90.5,,85.9,78.5,
Hall, Matt,664180,2019,26,90.5,81.7,82.2,76.7,
Lucchesi, Joey,664192,2019,26,,,,78.9,
Anderson, Tanner,664196,2019,26,92.2,84.9,87.5,,
Clarke, Taylor,664199,2019,26,93.7,85.3,86.8,79.3,
Maton III, Phil,664208,2019,26,91,,,77.4,
Valdez, Framber,664285,2019,26,94.2,,88.6,79.4,
Urquidy, Jose,664353,2019,24,93.2,82.8,84.3,79,
Helsley, Ryan,664854,2019,25,97.8,,87.7,80.9,
Adams, Chance,664856,2019,25,91.6,83.4,85.7,79,
Dowdy, Kyle,664871,2019,26,95.2,87.1,85.4,78.1,
Grotz, Zac,665093,2019,26,92.2,87.7,,81.3,
Dugger, Robert,667498,2019,24,90.3,79.1,79.2,72.8,
Plesac, Zach,668676,2019,24,93.9,84.9,85.8,79.4,
Gallen, Zac,668678,2019,24,92.9,,85,79.2,
Wilson, Bryse,669060,2019,22,94.7,86.6,84.9,79.8,
May, Dustin,669160,2019,22,95.7,,86.3,83,
Burnes, Corbin,669203,2019,25,95.2,87.9,90.8,80.9,
Menez, Conner,669214,2019,24,91.2,84.5,82.7,80,
Bieber, Shane,669456,2019,24,93.1,85,87.6,82.7,
Festa, Matthew,670036,2019,26,92.6,86.2,,81.7,
Schreiber, John,670167,2019,25,91.8,,86.3,78.9,
Hammer, JD,670456,2019,25,94.4,84.5,,,
Richards, Trevor,670950,2019,26,90.8,,83.4,78.9,
Bolanos, Ronald,671790,2019,23,94.3,83,86.2,76.4,
Luciano, Elvis,672773,2019,19,94.1,84.4,87.8,,
Baez, Michel,673258,2019,23,96,84.8,86,78.2,
Hirano, Yoshihisa,673633,2019,35,91.1,73.5,,,
Margevicius, Nick,676606,2019,23,88.3,80.2,79,70.8,
Dobnak, Randy,677976,2019,24,93.4,84.1,85.7,,
Wainwright, Adam,425794,2021,40,89,,82.7,73.5,
Greinke, Zack,425844,2021,38,88.9,83.6,86.4,71.2,
Santana, Ervin,429722,2021,39,93.3,84.4,87,,
Kazmir, Scott,431148,2021,37,92.4,87.1,80.5,,
Petit, Yusmeiro,433589,2021,37,87.6,,80.8,74.9,
Kintzler, Brandon,445213,2021,37,92.2,85.4,86.8,,
Jansen, Kenley,445276,2021,34,,82,,,
Chavez, Jesse,445926,2021,38,91.1,82.6,84.6,,
Detwiler, Ross,446321,2021,35,91.9,,85.4,77.3,
Kluber, Corey,446372,2021,35,89.9,,84.7,81.9,
Hill, Rich,448179,2021,41,88.1,77,80.4,71.8,
Doolittle, Sean,448281,2021,35,93.1,84.2,,79.7,
Guerra, Junior,448855,2021,36,92.2,84.2,,80.8,
Morton, Charlie,450203,2021,38,95.5,,86.4,80.6,
Davis, Wade,451584,2021,36,92.7,,84.4,81.9,
Albers, Andrew,452027,2021,36,88.4,78.1,80,68.8,
Lester, Jon,452657,2021,37,88.7,,81.3,72.6,
Kennedy, Ian,453178,2021,37,94.1,,87.1,80.2,
Miller, Andrew,453192,2021,36,87.9,78.1,,,
Watson, Tony,453265,2021,36,92.5,83.1,85.9,,
Bard, Daniel,453268,2021,36,97.5,87.1,89.8,,
LeBlanc, Wade,453281,2021,37,87.5,,79.5,73.3,
Parker, Blake,453284,2021,36,90.7,,,75.8,
Scherzer, Max,453286,2021,37,94.3,85.9,85,76.9,
Melancon, Mark,453343,2021,36,91.7,,,82.2,
Arrieta, Jake,453562,2021,35,,88.3,86.9,80.4,
Martin, Chris,455119,2021,35,94.8,83.5,87.4,,
Price, David,456034,2021,36,92.9,,85.5,76.6,
Cueto, Johnny,456501,2021,35,91.8,84.3,82.7,79.3,
Happ, J.A.,457918,2021,39,91,83,86.1,76.2,
Lindblom, Josh,458676,2021,34,90.3,76.1,84.2,72.9,
Wilson, Justin,458677,2021,34,93.5,81.7,,,
Lynn, Lance,458681,2021,34,94,,87.2,82.1,
Tomlin, Josh,458708,2021,37,88.9,,84.7,76.4,
McGee, Jake,459429,2021,35,94.9,82.4,,,
Clippard, Tyler,461325,2021,36,89,83,78.3,74.5,
Swarzak, Anthony,461872,2021,36,93,85.9,,,
Soria, Joakim,465657,2021,37,92.8,77.7,87.6,70,
Chacin, Jhoulys,468504,2021,33,92.5,88.2,84.6,81.2,
Carrasco, Carlos,471911,2021,34,93.4,87.7,87.3,82.3,
Abad, Fernando,472551,2021,36,91.7,,75.1,76.4,
Garcia, Luis,472610,2021,34,98.3,86,,,
Anderson, Brett,474463,2021,33,88.6,81.7,82.2,76,
Luetge, Lucas,476595,2021,34,90.3,81.3,,74.5,
Kershaw, Clayton,477132,2021,33,90.6,87.1,87,74.2,
Buchter, Ryan,488748,2021,34,90.5,,,76.2,
Miley, Wade,489119,2021,35,89.9,79.2,81.9,74.8,
Romo, Sergio,489265,2021,38,85.6,77,80.2,,
Stammen, Craig,489334,2021,37,91.7,,86.3,80.4,
Valdez, Cesar,491624,2021,36,85.3,76.8,77.9,,
Ottavino, Adam,493603,2021,36,95.5,80.6,88.4,79,
Guerra, Deolis,500610,2021,32,90.7,84.1,81.7,77.1,
Quintana, Jose,500779,2021,32,91.5,,86.7,78.8,
Pineda, Michael,501381,2021,32,90.6,81.2,85.5,,
Alvarez, Jose,501625,2021,32,91.3,81.4,81.2,,
Smith, Joe,501925,2021,37,87.4,77.4,77.4,,
Minor, Mike,501985,2021,34,90.9,85.6,85.2,80.4,
Archer, Chris,502042,2021,33,92,87.2,85.6,,
Gibson, Kyle,502043,2021,34,92.8,83.5,84.8,79.4,
Robertson, David,502085,2021,36,91.8,81.8,,84,
Britton, Zack,502154,2021,34,,80.2,,,
Cobb, Alex,502171,2021,34,93.1,,,83,
Espino, Paolo,502179,2021,34,89,77.6,83.7,71.1,
Boxberger, Brad,502202,2021,33,93.5,88,82.5,,
Cahill, Trevor,502239,2021,33,90.4,,82.3,78.6,
Santiago, Hector,502327,2021,34,90.9,82.3,81.4,75.8,
Miller, Justin,502522,2021,34,92.8,82.9,,,
Anderson, Chase,502624,2021,34,91.5,,81.9,76.9,
Holland, Derek,502706,2021,35,92.8,,85,81.4,
Peralta, Wily,503449,2021,32,93.6,82.6,,,
Dolis, Rafael,503569,2021,33,94.3,86.4,,,
Darvish, Yu,506433,2021,35,94.5,81.6,80.2,75.1,
Colome, Alex,517008,2021,33,93.7,,,,
Alexander, Scott,518397,2021,32,,84.3,86.2,,
Brasier, Ryan,518489,2021,34,95.1,86,,77.2,
Bumgarner, Madison,518516,2021,32,90.4,,83.8,77.8,
Cishek, Steve,518553,2021,35,89.7,77.5,82.3,,
Diekman, Jake,518617,2021,34,95.3,83.3,87.2,,
Duffy, Danny,518633,2021,33,93.7,83.4,85.2,77.3,
Harvey, Matt,518774,2021,32,93.4,86.9,85.3,79.9,
Holland, Greg,518813,2021,36,92.8,85.7,,77.4,
Jones, Nate,518858,2021,35,95.5,87.2,89.4,,
Kelly, Merrill,518876,2021,33,91.7,,87.2,81.3,
Kimbrel, Craig,518886,2021,33,96.5,,,86.1,
McFarland, T.J.,519008,2021,32,,79.5,82.1,,
Moore, Matt,519043,2021,32,92.4,,82.5,80.7,
Nelson, Jimmy,519076,2021,32,93.8,86.5,,85.1,
Pomeranz, Drew,519141,2021,33,93.9,,,84.2,
Pressly, Ryan,519151,2021,33,95.4,90.5,,82,
Sale, Chris,519242,2021,32,93.6,78,86.4,,
Smith, Will,519293,2021,32,92.8,82.2,,77.7,
Strickland, Hunter,519326,2021,33,94.9,83.8,89.1,,
Workman, Brandon,519443,2021,33,91.1,,,78.4,
Hendriks, Liam,521230,2021,32,97.7,89,91.6,85.8,
Kelly, Joe,523260,2021,33,97.5,,86.9,87.1,
Perez, Martin,527048,2021,30,93.4,,84.8,78.7,
Castellanos, Humberto,528748,2021,23,90.4,86.9,84.1,76.2,
Shoemaker, Matt,533167,2021,35,91.6,82.2,,77.3,
Ramirez, Erasmo,541640,2021,31,93,,85.2,81.8,
Cisnero, Jose,542585,2021,32,96.7,88.4,90.8,,
Anderson, Tyler,542881,2021,32,90.6,,80.9,74.3,
Andriese, Matt,542882,2021,32,92,,86,80.1,
Armstrong, Shawn,542888,2021,31,93.9,85.4,,,
Bass, Anthony,542914,2021,34,95.4,85.9,,,
Bleier, Richard,542947,2021,34,90.5,78.9,83.1,,
Brach, Brad,542960,2021,35,93.5,83.6,86.1,,
Chatwood, Tyler,543022,2021,32,95.8,,87.3,81,
Cole, Gerrit,543037,2021,31,97.7,88.4,89.8,83.4,
Conley, Adam,543045,2021,31,95.7,86.5,84,82.5,
Coulombe, Danny,543056,2021,32,90.4,84.5,,78.4,
DeSclafani, Anthony,543101,2021,31,94.1,87.9,88.2,83,
Eovaldi, Nathan,543135,2021,31,96.8,85.8,,78.5,
Gray, Sonny,543243,2021,32,92.3,82,88.1,79.3,
Hand, Brad,543272,2021,31,92.9,80.1,,78.1,
Hendricks, Kyle,543294,2021,32,87.3,,80,73.2,
Hudson, Daniel,543339,2021,34,97,88.2,87.8,,
Jackson, Jay,543351,2021,34,94.8,84.9,89.5,,
Lyles, Jordan,543475,2021,31,93,83.3,86.4,80.3,
May, Trevor,543507,2021,32,96.5,84,87,,
McHugh, Collin,543521,2021,34,90.6,79.5,85.8,74.3,
Milone, Tommy,543548,2021,34,84.2,77.7,76.5,73,
Nolin, Sean,543594,2021,32,90.7,,80.5,74,
Odorizzi, Jake,543606,2021,31,92.2,83.1,,73.5,
Shaw, Bryan,543766,2021,34,94.7,84.1,83.1,82.4,
Familia, Jeurys,544727,2021,32,97.2,89.2,,,
Strasburg, Stephen,544931,2021,33,91.9,,86.4,79.4,
Bauer, Trevor,545333,2021,30,93.9,80.8,88.1,79.6,
Head, Louis,545343,2021,31,93.7,82.3,89.8,,
Poteet, Cody,547001,2021,27,93.6,85.6,86.8,79.2,
Lorenzen, Michael,547179,2021,29,96.7,85.3,87.2,82.4,
Kim, Kwang Hyun,547942,2021,33,89.1,83.5,80.4,69.6,
Ryu, Hyun Jin,547943,2021,34,90,79.8,79.9,73.9,
Chapman, Aroldis,547973,2021,33,98.3,85.1,,,
Raley, Brooks,548384,2021,33,90.9,81.8,85.8,79,
Stripling, Ross,548389,2021,32,91.9,87.1,83.1,78,
Kittredge, Andrew,552640,2021,31,94.6,88.9,89.7,,
Garcia, Yimi,554340,2021,31,96,90.4,88.6,83.6,
Wheeler, Zack,554430,2021,31,97.2,91.5,90.6,81.5,
Matzek, Tyler,554431,2021,31,96,84.7,,80.8,
Rodriguez, Joely,570257,2021,30,94,85.7,88.4,,
Valdez, Phillips,570488,2021,30,92.7,83,85.3,,
Urena, Jose,570632,2021,30,94.2,85.3,89.7,,
Robles, Hansel,570663,2021,31,96.7,90.2,89.3,73.3,
Cessa, Luis,570666,2021,29,93.8,82.7,87.8,,
Boyd, Matthew,571510,2021,30,92,80.4,79.9,73.4,
Brothers, Rex,571521,2021,34,94.5,86.2,,,
Corbin, Patrick,571578,2021,32,92.3,80.7,81.5,64.7,
Farmer, Buck,571656,2021,30,94,82.5,87.7,,
Floro, Dylan,571670,2021,31,93.8,87.2,86.4,,
Frankoff, Seth,571676,2021,33,91.3,87.7,84.5,78.3,
Givens, Mychal,571710,2021,31,94.7,86.1,82.3,,
Hale, David,571735,2021,34,92.8,,82.7,82.7,
Heaney, Andrew,571760,2021,30,92,,83.8,79.4,
Hutchison, Drew,571800,2021,31,92.5,85.1,85.7,,
Krol, Ian,571871,2021,30,93.7,87.3,85.1,78,
Law, Derek,571882,2021,31,93.7,86.7,86.1,75.2,
Loup, Aaron,571901,2021,34,,,79.9,75.6,
Matz, Steven,571927,2021,30,,88.9,85.1,77.6,
Mikolas, Miles,571945,2021,33,93.2,87.4,87.4,76.6,
Miller, Shelby,571946,2021,31,93.5,80.2,,,
Milner, Hoby,571948,2021,30,,,81.6,79.4,
Richards, Garrett,572070,2021,33,94.3,88.1,90.6,78.4,
Selman, Sam,572125,2021,31,90.9,79.8,,,
Smith, Burch,572143,2021,31,93.4,83.5,82.1,78.7,
Tepera, Ryan,572193,2021,34,93.3,86.5,86.5,80.7,
Greene, Shane,572888,2021,33,93.3,81.1,86,,
Johnson, Pierce,572955,2021,30,95.5,,,84.3,
Keuchel, Dallas,572971,2021,33,89,77.8,79.6,,
Mantiply, Joe,573009,2021,30,91.4,,83.4,80.8,
Rogers, Taylor,573124,2021,31,,84,,,
Stroman, Marcus,573186,2021,30,92.4,85,,77.4,
Thielbar, Caleb,573204,2021,34,91.3,80.2,82.4,71.8,
Minaya, Juan,573668,2021,31,95.2,85.4,88.9,,
Kikuchi, Yusei,579328,2021,30,95.1,82.5,86.2,,
Adam, Jason,592094,2021,30,93.8,82.4,87.3,78.3,
Bedrosian, Cam,592135,2021,30,92.9,81.2,,,
Biddle, Jesse,592145,2021,30,93,82.9,,78,
Brice, Austin,592169,2021,29,92.6,,88.5,81.8,
Claudio, Alex,592222,2021,29,85.4,75.6,72.7,,
Crichton, Stefan,592233,2021,29,89.9,,87,77.7,
De Leon, Jose,592254,2021,29,,79,84.3,,
Emanuel, Kent,592288,2021,29,,77.7,84.1,,
Foltynewicz, Mike,592314,2021,30,93.8,83.2,85.3,76.7,
Gausman, Kevin,592332,2021,30,94.6,81.9,83.8,,
Gonzalez, Chi Chi,592346,2021,29,91.9,85.7,84.3,81.2,
Gray, Jon,592351,2021,30,94.9,86.7,87.6,76,
Hembree, Heath,592390,2021,32,95.3,86.5,,83,
Jackson, Luke,592426,2021,30,95.8,87.5,,83.9,
Kolarek, Adam,592473,2021,32,88.7,75.9,82,,
Osich, Josh,592612,2021,33,93.8,74.8,81.6,,
Plutko, Adam,592644,2021,30,91.6,83.1,,77,
Ray, Robbie,592662,2021,30,94.8,88.6,88.2,82.5,
Sampson, Adrian,592716,2021,30,91.9,83.4,85.4,,
Sanchez, Aaron,592717,2021,29,90,,83.3,74.2,
Shreve, Chasen,592741,2021,31,91.6,81.4,,,
Smith, Caleb,592761,2021,30,91.4,84.8,82.1,77.9,
Smyly, Drew,592767,2021,32,92.1,,,78.9,
Stanek, Ryne,592773,2021,30,97.6,87.1,,,
Taillon, Jameson,592791,2021,30,93.9,86.9,88,80.7,
Velasquez, Vince,592826,2021,29,93.2,85,89,82,
Wade, Konner,592831,2021,30,,,82.5,78.4,
Walker, Taijuan,592836,2021,29,94.5,86.2,,76.4,
Wick, Rowan,592858,2021,29,94.5,83.9,,76.5,
Williams, Taylor,592865,2021,30,93.7,83.9,,,
Williams, Trevor,592866,2021,29,91.5,83,84.3,77.7,
Feliz, Michael,593140,2021,28,93.8,80.9,86.1,,
Rodriguez, Richard,593144,2021,31,93.1,81.3,,,
German, Domingo,593334,2021,29,93.4,,86.5,81.1,
Martinez, Carlos,593372,2021,30,93.4,82.5,84.8,78.3,
Montas, Frankie,593423,2021,28,96.4,88.9,,,
Neris, Hector,593576,2021,32,94.1,87.7,,,
Tapia, Domingo,593619,2021,30,97.7,87.7,89.2,,
Suero, Wander,593833,2021,30,91.1,,87,78.8,
Rodriguez, Eduardo,593958,2021,28,92.6,82.1,85.4,,
Peralta, Wandy,593974,2021,30,95.6,88.1,87.8,,
Guduan, Reymin,594056,2021,29,93.8,82.9,,,
Gustave, Jandel,594311,2021,29,96.7,85.1,,,
Mayers, Mike,594577,2021,30,94.5,85.1,,76.7,
Dayton, Grant,594795,2021,34,91.5,,,77.2,
deGrom, Jacob,594798,2021,33,99.2,91.6,91.4,83.3,
Gonzales, Marco,594835,2021,29,88.1,,79.3,75.2,
Ponce de Leon, Daniel,594965,2021,29,93,,86.1,77,
Ryan, Kyle,594986,2021,30,88.7,,,81.4,
Sadler, Casey,594987,2021,31,93.4,,90.4,79.6,
Treinen, Blake,595014,2021,33,97.7,86.4,90,,
Eickhoff, Jerad,595191,2021,31,90,82.5,84,75,
Okert, Steven,595345,2021,30,92.2,80.6,,,
Sherriff, Ryan,595411,2021,31,,81,85.4,,
Winkler, Dan,595465,2021,31,94,,,82.4,
Curtiss, John,595928,2021,28,94.9,87.6,90.7,,
Ellis, Chris,595939,2021,29,93.8,86,87.4,81.2,
Junis, Jakob,596001,2021,29,90.8,82.8,84.9,77.4,
Maples, Dillon,596027,2021,29,95.1,87.5,,84.1,
Morimando, Shawn,596049,2021,29,91.1,,84,74.8,
Norris, Daniel,596057,2021,28,92.7,84.8,86.9,,
Peters, Dillon,596071,2021,29,90.8,,83.9,74.9,
Stephenson, Robert,596112,2021,28,96.5,84.3,,81.5,
Weaver, Luke,596133,2021,28,93.6,,85.4,78,
Gomber, Austin,596295,2021,28,91.6,85.2,83.1,75.7,
Barnes, Matt,598264,2021,31,95.8,,87.7,85.3,
Ramirez, Nick,598286,2021,32,89.1,84.3,79.2,78.9,
Ramirez, Noe,598287,2021,32,89.1,,84.1,76.7,
Machado, Andres,600921,2021,28,94.9,84.5,87.9,,
Pivetta, Nick,601713,2021,28,94.8,86,87.9,78.6,
Barlow, Scott,605130,2021,29,95.3,85,,79.3,
Bassitt, Chris,605135,2021,32,93.2,76.9,85.3,71.7,
Benjamin, Wes,605138,2021,28,91.3,,84.1,78.4,
Bradley, Archie,605151,2021,29,94,,85.5,78.2,
Brebbia, John,605154,2021,31,92.9,81.4,88.1,,
Bundy, Dylan,605164,2021,29,90.7,79.9,83.2,74,
Chafin, Andrew,605177,2021,31,91.8,82.5,84.9,,
Cotton, Jharel,605194,2021,29,93.2,81.8,80,76.7,
Crick, Kyle,605195,2021,29,92.6,78.8,86.6,,
Davies, Zach,605200,2021,28,,,78.5,74.3,
Fulmer, Michael,605242,2021,28,95.5,91.2,88.1,79.6,
Hess, David,605276,2021,28,94,82,86.6,75.3,
Holmes, Clay,605280,2021,28,96,87.7,,82.7,
Houser, Adrian,605288,2021,28,94.1,84,87.7,80,
Lopez, Jorge,605347,2021,28,95.3,85.9,88.5,81.9,
Marshall, Evan,605359,2021,31,93.1,,88.3,82.5,
Morgan, Adam,605388,2021,31,93,82.6,85.2,78.8,
Musgrove, Joe,605397,2021,29,93.3,84.1,87.1,82.1,
Nola, Aaron,605400,2021,28,92.9,,85.2,78.5,
Rios, Yacksel,605441,2021,28,96.9,86.5,,,
Romano, Jordan,605447,2021,28,97.6,88.4,,,
Ross, Joe,605452,2021,28,93.6,84.6,88.6,,
Snell, Blake,605483,2021,29,95.1,86.5,88.3,79.5,
Springs, Jeffrey,605488,2021,29,93.4,82.9,84,,
Thompson, Zach,605507,2021,28,92.2,,85.4,77.2,
Turnbull, Spencer,605513,2021,29,93.9,85.3,87.1,79.8,
Warren, Art,605521,2021,28,95.2,86,,,
Wendelken, J.B.,605525,2021,28,94.3,83.5,85.9,79.7,
Wisler, Matt,605538,2021,29,91.5,81.5,,,
Woodruff, Brandon,605540,2021,28,96.5,86.4,86.5,83.8,
Wright Jr., Mike,605541,2021,31,91.9,85.8,77,,
Gallegos, Giovanny,606149,2021,30,94.4,85.6,87.1,,
Montero, Rafael,606160,2021,31,95.7,85.7,89.7,,
Payamps, Joel,606303,2021,27,94.8,81.6,86.9,,
Garcia, Jarlin,606424,2021,28,93.1,82.5,85.2,,
Barnes, Jacob,606930,2021,31,94.7,,87.2,,
Rodon, Carlos,607074,2021,29,95.4,85.8,85.2,76.7,
Faria, Jake,607188,2021,28,92.3,84.7,,75.9,
Glasnow, Tyler,607192,2021,28,97,87.5,91.5,83.5,
Fedde, Erick,607200,2021,28,93.2,,87.7,79.7,
Romano, Sal,607219,2021,28,93.9,87.8,,83.2,
Gsellman, Robert,607229,2021,28,94.4,89.5,84.8,79.2,
Gant, John,607231,2021,29,92,80.1,80.1,74.7,
Garrett, Amir,607237,2021,29,94.8,85.2,,,
Patton, Spencer,607359,2021,33,93.4,83.7,,,
Mazza, Chris,607391,2021,32,89.9,79.3,83.9,,
Banda, Anthony,607455,2021,28,94.1,,86.2,81,
Barraclough, Kyle,607457,2021,31,93.1,77.2,87.1,,
Bummer, Aaron,607481,2021,28,,83,88.5,,
Freeland, Kyle,607536,2021,28,91.4,86,85.8,80.2,
Harper, Ryne,607560,2021,32,86.5,76.6,,72,
Howard, Sam,607572,2021,28,93.4,84.9,83.9,,
Lugo, Seth,607625,2021,32,94.2,88.2,86.8,79.2,
Means, John,607644,2021,28,92.8,86.3,83.4,78,
Estevez, Carlos,608032,2021,29,97.1,86.7,88.7,,
De Jong, Chase,608328,2021,28,92.9,85.1,86.3,77.8,
Fried, Max,608331,2021,27,94,84.7,84.7,74.4,
Fulmer, Carson,608334,2021,28,93.2,,86.9,82.1,
Funkhouser, Kyle,608335,2021,27,95.8,86.7,88.9,,
Giolito, Lucas,608337,2021,27,93.8,85.6,81.5,80.6,
Irvin, Cole,608344,2021,27,90.8,83,84.3,76.9,
Knebel, Corey,608349,2021,30,96.3,,,79.9,
Sims, Lucas,608371,2021,27,95.1,85.2,90.9,82.9,
Wacha, Michael,608379,2021,30,93.8,,86.9,76.2,
Marquez, German,608566,2021,26,94.8,86.2,86.1,85.2,
Chargois, JT,608638,2021,31,95.6,87.6,,,
Duffey, Tyler,608648,2021,31,92.5,,,83.1,
Enns, Dietrich,608650,2021,30,94.2,,84.7,75,
Farrell, Luke,608652,2021,30,91.3,81.7,83.6,76.5,
Graveman, Kendall,608665,2021,31,96.3,87.4,89.6,81.5,
Leone, Dominic,608678,2021,30,95.5,83.7,,,
Steckenrider, Drew,608716,2021,30,94,,87.6,80.4,
Stratton, Chris,608717,2021,31,93,85.7,86.6,80.2,
Suter, Brent,608718,2021,32,87.3,,83.9,78.6,
Voth, Austin,608723,2021,29,94.2,,,78.6,
Castro, Miguel,612434,2021,27,,85.7,92.1,,
Adams, Austin,613534,2021,30,94.1,86.9,,,
Ruiz, Jose,614179,2021,27,97,90.2,89.4,85.5,
Quantrill, Cal,615698,2021,26,94.4,88.2,85,81.4,
Sawamura, Hirokazu,617228,2021,33,96,86.3,,,
Reyes, Alex,621052,2021,27,96.6,86.4,90.3,79.4,
Garza, Justin,621057,2021,27,94.1,83.6,85,,
Rucker, Michael,621074,2021,27,95.1,86.2,90.5,81.3,
Kaprielian, James,621076,2021,27,93,85.3,83.7,78,
Eflin, Zach,621107,2021,27,93.1,87.6,85.3,77.6,
Buehler, Walker,621111,2021,27,95.3,84.9,91.5,80.1,
Blackburn, Paul,621112,2021,28,90.8,,85.8,79,
Burr, Ryan,621114,2021,27,94.7,77.9,,,
McCullers Jr., Lance,621121,2021,28,,86,85.8,84.2,
Cody, Kyle,621129,2021,27,95.1,83.6,85.6,,
Kriske, Brooks,621139,2021,27,95.3,83.8,,,
Mills, Alec,621219,2021,30,88.7,76.6,79.1,65.8,
Alvarado, Jose,621237,2021,26,98.4,,,87.2,
Diaz, Edwin,621242,2021,27,98.8,90.6,,,
Berrios, Jose,621244,2021,27,94.1,,84.8,82.9,
Garza Jr., Ralph,621248,2021,27,92.3,79.4,83.9,76.7,
Underwood Jr., Duane,621249,2021,27,94.1,85.2,87.8,80.6,
Wittgren, Nick,621295,2021,30,92.5,83.6,85.7,,
Minter, A.J.,621345,2021,28,96.1,,87.2,,
Clay, Sam,621348,2021,28,,84.4,87,,
Borucki, Ryan,621366,2021,27,,86.2,84,,
Hearn, Taylor,621368,2021,27,95.1,84.3,86.8,,
Castro, Anthony,621593,2021,26,95.2,84.1,89.3,,
Young, Alex,622065,2021,28,91.3,,85.3,82.3,
Wood, Alex,622072,2021,30,,83.9,85.3,,
Almonte, Yency,622075,2021,27,94.2,83.7,87.3,,
Antone, Tejay,622088,2021,28,,83.6,,79.3,
Zimmer, Kyle,622092,2021,30,94.1,83.4,87,77.8,
Smith, Drew,622098,2021,28,95,,85.1,77.4,
Sborz, Josh,622250,2021,28,96.7,88,,83.3,
Staumont, Josh,622251,2021,28,96.5,,,81.3,
Tate, Dillon,622253,2021,27,95.3,85.8,85.4,,
Rodriguez, Jefry,622446,2021,28,94.7,,90.5,80.7,
Castillo, Luis,622491,2021,29,97.1,86.4,88.3,,
Crismatt, Nabil,622503,2021,27,90.1,,82.3,71.5,
Senzatela, Antonio,622608,2021,26,94.6,86.1,86,77.8,
Hernandez, Elieser,622694,2021,26,90.9,79.3,84.5,,
Diaz, Miguel,622766,2021,27,94.4,87.9,86,,
Perdomo, Angel,622780,2021,27,94.3,82.9,88.4,,
Sewald, Paul,623149,2021,31,92.3,81.7,69.7,,
Flexen, Chris,623167,2021,27,92.8,,82.7,77.2,
Hader, Josh,623352,2021,27,96.4,83.6,87.7,,
Wieck, Brad,623364,2021,30,92.6,85.1,,73.1,
Anderson, Drew,623454,2021,27,92.6,83.8,86.8,77.1,
Phillips, Evan,623465,2021,27,95.4,84.4,85.6,,
Herget, Jimmy,623474,2021,28,91.5,83.5,82.1,73.8,
Goudeau, Ashton,623485,2021,29,92.7,,85.1,76.6,
Suarez, Ranger,624133,2021,26,93.7,84.3,85,,
Thompson, Keegan,624522,2021,26,93.9,,86.7,82.5,
Gonzalez, Victor,624647,2021,26,,85.2,88.9,,
Lopez, Reynaldo,625643,2021,27,95.8,86.7,85.4,76.9,
Thorpe, Lewis,626929,2021,26,89.1,84.1,82,71.8,
Maeda, Kenta,628317,2021,33,90.6,82.1,,75.2,
Iglesias, Raisel,628452,2021,31,96.3,85.1,89.4,,
Urias, Julio,628711,2021,25,94.1,83.5,86.8,81.4,
Crowe, Wil,640444,2021,27,93.7,85.3,85,80.4,
Finnegan, Kyle,640448,2021,30,,87.5,,,
Manaea, Sean,640455,2021,29,,,84.5,82.6,
Puk, A.J.,640462,2021,26,95.4,86.9,90.4,82.4,
Stewart, Kohl,640464,2021,27,91.6,82.8,85.9,77.5,
Alzolay, Adbert,640470,2021,26,94,86.1,85.6,80,
Lopez, Pablo,641154,2021,25,94.1,,88,80.2,
Alexander, Tyler,641302,2021,27,90.5,82.2,83.7,,
Anderson, Shaun,641312,2021,27,93.2,86.8,86.3,82.6,
Bickford, Phil,641360,2021,26,93.9,84,84.9,,
Bowden, Ben,641386,2021,27,92.4,81.1,82.4,,
Brentz, Jake,641394,2021,27,96.9,85.2,91,,
Brogdon, Connor,641401,2021,26,96,,84.6,,
Castano, Daniel,641447,2021,27,90.3,80.4,81.4,,
Cortes Jr., Nestor,641482,2021,27,90.7,77.4,83,,
Dunning, Dane,641540,2021,27,89.7,79.7,84.5,78.2,
Duplantier, Jon,641541,2021,27,91.2,84.3,83.8,78.9,
Foster, Matt,641582,2021,26,93.6,85.2,84.3,,
Greene, Conner,641632,2021,26,96,85.9,84.8,78.4,
Hendrix, Ryan,641682,2021,27,96.4,85.9,91,75.7,
Jefferies, Daulton,641726,2021,26,93.2,,87,80,
Jimenez, Joe,641729,2021,26,94.7,84.5,90,,
Kay, Anthony,641743,2021,26,94.5,82.6,86.2,77.8,
Keller, Brad,641745,2021,26,94.2,86.1,90,,
Kinley, Tyler,641755,2021,30,95.9,90.2,87.3,,
Kuhl, Chad,641771,2021,29,94.3,88.2,88.4,80.5,
Lauer, Eric,641778,2021,26,92.6,87.4,86.6,78.9,
Littell, Zack,641793,2021,26,94.9,87.8,,,
Mahle, Tyler,641816,2021,27,94,86.7,,,
Mayza, Tim,641835,2021,29,92.2,88,,,
McGowin, Kyle,641851,2021,30,91.2,81.1,,,
Middleton, Keynan,641871,2021,28,95.4,85.5,87.7,,
Murphy, Patrick,641907,2021,26,96.6,,90.3,83,
Ober, Bailey,641927,2021,26,92.3,81.5,84.7,75,
Pagan, Emilio,641941,2021,30,94.9,,86.9,,
Rogers, Josh,642028,2021,27,90.5,82,82.3,74.4,
Saucedo, Tayler,642048,2021,28,93.6,85.7,87.1,79.8,
Sheffield, Jordan,642068,2021,26,96.4,87.9,90.1,,
Sherfy, James,642073,2021,30,94.1,80.6,88.2,72.6,
Slegers, Aaron,642083,2021,29,91.8,86,87,,
Smith, Riley,642092,2021,26,92.6,82.2,86.5,79.3,
Sulser, Cole,642121,2021,31,93.2,86.3,84,77.3,
Taylor, Blake,642130,2021,26,93.1,82.6,,,
Trivino, Lou,642152,2021,30,95.7,,87.3,77.8,
Widener, Taylor,642203,2021,27,92.6,83.9,85.6,,
Williams, Devin,642207,2021,27,95.3,,83.7,,
Yarbrough, Ryan,642232,2021,30,84.3,,78.4,71.1,
Yardley, Eric,642233,2021,31,,,78.9,72.9,
Soto, Gregory,642397,2021,26,98.3,88.3,,,
Loaisiga, Jonathan,642528,2021,27,97.8,90.1,90,86.7,
Barria, Jaime,642545,2021,25,93.2,85.9,85.8,,
Peralta, Freddy,642547,2021,25,93.4,80.5,88.1,76.8,
Santana, Dennis,642701,2021,25,96,83.7,87.5,,
Brault, Steven,643230,2021,29,90.7,82.6,83.8,72,
Cimber, Adam,643256,2021,31,87,78.4,,,
Dunn, Justin,643290,2021,26,93.7,84,89.5,80.2,
Fry, Paul,643316,2021,29,92.8,85.1,91.3,,
Green, Chad,643338,2021,30,95.7,,,85,
Jax, Griffin,643377,2021,27,92.6,83.3,85.6,79.9,
Rogers, Tyler,643511,2021,31,82.7,71.8,,,
Zeuch, T.J.,643615,2021,26,,82.9,82.1,,
Webb, Tyler,643778,2021,31,90.6,,79.6,74.6,
Alcantara, Sandy,645261,2021,26,98.1,90.4,91.8,83.7,
Diaz, Jhonathan,646242,2021,25,89.9,79,85.7,74.4,
Pop, Zach,647315,2021,25,94.2,85.9,,,
Wells, Alexander,649144,2021,24,88.5,81.1,83.2,72.7,
Madero, Luis,650347,2021,24,89.6,81,84.5,,
Hernandez, Darwinzon,650382,2021,25,94.8,83.5,,79.5,
Mejia, J.C.,650496,2021,25,93,82.7,87.6,80.3,
Garcia, Bryan,650530,2021,26,93.2,86.7,85.8,,
Abreu, Bryan,650556,2021,24,95.7,88.9,,86.5,
King, Michael,650633,2021,26,95.2,87.9,84.9,79.7,
Civale, Aaron,650644,2021,26,91.4,83.4,,77,
Mejia, Humberto,650668,2021,24,92,82,85,76.2,
Quijada, Jose,650671,2021,26,93.6,79.6,86.4,,
Santana, Edgar,650828,2021,30,93.2,86.6,,,
Cabrera, Genesis,650893,2021,25,97.6,,89.7,80.9,
Castillo, Diego,650895,2021,27,95.4,87.3,,,
Sanchez, Cristopher,650911,2021,25,,83.1,85,,
Diplan, Marcos,650959,2021,25,93.7,,86,81,
Rodriguez, Manuel,655889,2021,25,97,87.5,,,
Abreu, Albert,656061,2021,26,97.8,87.3,88.2,81,
Barnes, Charlie,656212,2021,26,,81.8,79.3,73.6,
Bielak, Brandon,656232,2021,25,94,83,88.2,80.3,
Bukauskas, J.B.,656266,2021,25,94.5,86.1,88.9,,
Canning, Griffin,656288,2021,25,93.5,88.2,89.1,81.9,
Cease, Dylan,656302,2021,26,96.7,85.9,78.1,79.9,
Coonrod, Sam,656322,2021,29,98.5,90.1,90.4,,
Davidson, Tucker,656353,2021,25,93,86.8,86.5,78.5,
Davis, Austin,656354,2021,28,93.6,81.8,84.2,79.1,
Feyereisen, J.P.,656420,2021,28,93.1,86.3,87.6,,
Flaherty, Jack,656427,2021,26,93.6,83.7,84.5,76.2,
Gilbert, Tyler,656457,2021,28,89.7,,,75.5,
Gilbreath, Lucas,656458,2021,25,93.3,81.8,,,
Ginkel, Kevin,656464,2021,27,94.7,83.8,84.8,,
Hentges, Sam,656529,2021,25,94.6,86.1,88.4,80.2,
Hoffman, Jeff,656546,2021,28,94.3,82,85.9,77.5,
Holloway, Jordan,656548,2021,25,95.4,85.4,90.4,79.2,
Houck, Tanner,656557,2021,25,94.5,84.4,,,
Jackson, Andre,656578,2021,25,92.3,86.1,84.1,76.2,
Keller, Mitch,656605,2021,25,93.8,86.1,89.8,78.5,
Klobosits, Gabe,656620,2021,26,94.7,87,,,
Kopech, Michael,656629,2021,25,97.3,84.1,89.7,78.7,
Lange, Alex,656638,2021,26,96.4,84.6,89,,
Martin, Brett,656685,2021,26,93.6,87.6,,82.4,
Martin, Corbin,656686,2021,26,94.1,87.7,87.2,82.3,
Megill, Trevor,656730,2021,28,96.3,86.6,,83.6,
Megill, Tylor,656731,2021,26,94.6,85.7,85.4,79.9,
Montgomery, Jordan,656756,2021,29,92.6,,82.5,80,
Nelson, Nick,656793,2021,26,96.4,85.4,89.2,79.9,
Newcomb, Sean,656794,2021,28,95.6,,89.8,80,
Overton, Connor,656818,2021,28,92.4,83,85.1,78.7,
Peterson, David,656849,2021,26,92.7,82.1,83.9,73.5,
Rasmussen, Drew,656876,2021,26,97.1,86.4,90.2,80.3,
Reid-Foley, Sean,656887,2021,26,93.7,84,86.7,,
Scott, Tanner,656945,2021,27,96.8,88.5,,,
Sheffield, Justus,656954,2021,25,93.5,81.7,85.8,,
Solomon, Peter,656981,2021,25,92.1,83.5,82,78.4,
Steele, Justin,657006,2021,26,93.1,83,87.7,79.1,
Swanson, Erik,657024,2021,28,94.7,86.2,,,
Taylor, Josh,657031,2021,28,94.6,87.2,,80.2,
Thompson, Ryan,657044,2021,29,92.7,78.2,81.5,,
Toussaint, Touki,657053,2021,25,93.7,,,76.2,
Watkins, Spenser,657093,2021,29,90.8,,85.5,79.1,
Webb, Jacob,657097,2021,28,94.1,,83.6,81.2,
Jewell, Jake,657228,2021,28,94.6,86.2,89,,
Merryweather, Julian,657240,2021,30,97.5,88.4,81.8,80.1,
Otto Jr., Glenn,657248,2021,25,92.6,80.7,87.1,80.6,
Webb, Logan,657277,2021,25,93.2,82.4,86.2,,
Baumann, Mike,657508,2021,26,93.6,89.5,85.9,81.3,
Hill, Tim,657612,2021,31,92,84.7,86.1,,
Ryan, Joe,657746,2021,25,91.2,80.7,83.3,72.7,
Garcia, Edgar,658305,2021,25,93.7,86.4,88,,
Fernandez, Junior,658551,2021,24,99.4,88.6,89.5,,
Lamet, Dinelson,659275,2021,29,95.5,86.5,91.4,,
Ohtani, Shohei,660271,2021,27,95.6,82.2,,74.7,
Yang, Hyeon-Jong,660365,2021,33,89.9,80.5,81.4,72.1,
Diaz, Yennsy,660546,2021,25,95.4,85.3,89.9,,
Paredes, Enoli,660600,2021,26,95.3,84.2,,80,
Ynoa, Huascar,660623,2021,23,96.5,85.1,88.7,,
Suarez, Jose,660761,2021,23,92.9,,82.3,78.3,
Graterol, Brusdar,660813,2021,23,99.5,88.1,,,
De Los Santos, Enyel,660853,2021,26,94.8,82.2,87.4,,
Alcala, Jorge,660896,2021,26,97.4,89.7,90.1,,
Lopez, Yoan,661255,2021,28,95.7,86.5,,,
Gutierrez, Vladimir,661269,2021,26,93.2,83.3,81.4,77.7,
Clase, Emmanuel,661403,2021,23,100.6,91.8,,,
Gil, Luis,661563,2021,23,96.1,85.2,92.3,,
Burrows, Beau,663366,2021,25,93.1,84.8,85.2,75.2,
Waddell, Brandon,663399,2021,27,92.5,85.8,86,,
Thornton, Trent,663423,2021,28,93.9,84.6,84.3,80.2,
Rainey, Tanner,663432,2021,29,96.3,87.7,,,
Bubic, Kris,663460,2021,24,90.9,,80,78.5,
Allard, Kolby,663465,2021,24,91.5,,83.6,75.9,
McKenzie, Triston,663474,2021,24,92.1,86.4,86,79.3,
Allen, Logan,663531,2021,24,92.7,81.7,83.3,76.8,
Mize, Casey,663554,2021,24,93.9,85.9,,81.3,
McClanahan, Shane,663556,2021,24,96.4,89.2,89.2,82.5,
Falter, Bailey,663559,2021,24,91.8,84.5,83.7,76.1,
Santillan, Tony,663574,2021,24,95,85.1,88.7,,
Neidert, Nick,663734,2021,25,91.7,84.5,83.3,74.4,
Lynch, Daniel,663738,2021,25,93.8,85.1,84.7,76.8,
Knehr, Reiss,663753,2021,25,93.5,81.8,88.9,,
Woodford, Jake,663765,2021,25,92.1,82.2,85,76.3,
Evans, Demarcus,663770,2021,25,91,79.7,,,
Sandoval, Patrick,663776,2021,25,93.3,85.4,84.6,78.4,
Kowar, Jackson,663804,2021,25,95.6,83.3,86.2,79.1,
Pearson, Nate,663878,2021,25,97.8,87,83.3,74.4,
Singer, Brady,663903,2021,25,92.8,85.4,88.1,,
Paddack, Chris,663978,2021,25,94.8,,85.2,78.7,
Stephan, Trevor,663986,2021,26,96.2,83.8,,,
Lovelady, Richard,663992,2021,26,93.1,86.6,,,
Lakins Sr., Travis,664042,2021,27,93.4,,87.9,80.7,
Eshelman, Thomas,664045,2021,27,85.7,77.8,81.3,76.2,
Stashak, Cody,664054,2021,27,90.6,82.5,85.7,,
Gonsolin, Tony,664062,2021,27,93.8,86.8,,80.2,
Ponce, Cody,664074,2021,27,93.2,84,86.2,79.5,
Cleavinger, Garrett,664076,2021,27,95.8,82.9,,,
Poppen, Sean,664092,2021,27,,84,86.2,,
Effross, Scott,664123,2021,28,90.7,80.5,83,,
Fairbanks, Pete,664126,2021,28,97.1,85.7,,,
Hartlieb, Geoff,664129,2021,28,93.7,84.8,,,
Brubaker, JT,664141,2021,28,92.9,87.2,87.2,79.5,
Lucchesi, Joey,664192,2021,28,,,81.5,78.7,
Clarke, Taylor,664199,2021,28,95.5,87.6,89.3,78.7,
Maton III, Phil,664208,2021,28,91.5,82.1,,76,
Valdez, Framber,664285,2021,28,92.1,,87.5,77.9,
Javier, Cristian,664299,2021,24,93.5,81,86.6,75.9,
Yajure, Miguel,664337,2021,23,90.6,79.2,87.8,78.1,
Urquidy, Jose,664353,2021,26,92.5,79.3,84.4,77.2,
Newsome, Ljay,664714,2021,25,92.6,,86.1,77.6,
Cousins, Jake,664776,2021,27,95.5,83.3,88.2,,
Helsley, Ryan,664854,2021,27,97.4,,87.4,79,
Lawrence, Justin,664875,2021,27,,81.8,,,
Keller, Kyle,664918,2021,28,94.5,,,81.4,
Misiewicz, Anthony,664948,2021,27,94.3,,,80.7,
Kremer, Dean,665152,2021,25,92.6,,82.9,75.5,
Castro, Kervin,665645,2021,22,94.5,,,80.1,
Cabrera, Edward,665795,2021,23,96.7,87.6,92.1,83.4,
Oviedo, Luis,665854,2021,22,94.3,81.7,85.3,75.1,
Anderson, Ian,666120,2021,23,94.6,,88.1,80.7,
Garrett, Braxton,666129,2021,24,90.3,82.6,84.5,76.7,
Manning, Matt,666159,2021,23,93.5,85.4,87.5,78.6,
Thompson, Mason,666168,2021,23,95.6,83.8,86.8,,
Luzardo, Jesus,666200,2021,24,95.9,,86.6,83.4,
Manoah, Alek,666201,2021,23,93.7,81.1,86.8,,
Muller, Kyle,666205,2021,24,93.4,86.6,88,80.4,
Doval, Camilo,666808,2021,24,98.6,86.5,,,
Nance, Tommy,667297,2021,30,95.2,87.2,,85.4,
Sanchez, Miguel,667376,2021,28,94.2,81.9,89.1,,
King, John,667463,2021,27,,79.6,78.4,,
Dugger, Robert,667498,2021,26,91.3,80.7,82.6,74.8,
Tyler, Kyle,667725,2021,25,91,83.8,86,76.4,
Plesac, Zach,668676,2021,26,92.8,86.7,85.7,80.2,
Gallen, Zac,668678,2021,26,93.4,86.1,86.1,79.7,
Scrubb, Andre,668687,2021,26,,87.6,,80.1,
Kranick, Max,668820,2021,24,94.2,87.9,87.4,79.6,
Wilson, Bryse,669060,2021,24,93.1,86,86.8,77,
Zimmermann, Bruce,669145,2021,26,91.4,86.1,84.4,81.9,
May, Dustin,669160,2021,24,98.3,,,86.6,
Heasley, Jon,669169,2021,24,93.5,,85.1,80,
Burnes, Corbin,669203,2021,27,96.4,88,90.7,81.2,
Akin, Keegan,669211,2021,26,92,84.2,81.9,76.5,
Morgan, Eli,669212,2021,25,90.5,85.2,74.8,76.3,
Menez, Conner,669214,2021,26,90.9,82.7,,77.9,
Campbell, Paul,669294,2021,26,92.7,87.5,86,79,
Gilbert, Logan,669302,2021,24,95.3,83.4,79.9,74.8,
Wells, Tyler,669330,2021,27,95.2,88.6,88.4,78.8,
Skubal, Tarik,669373,2021,25,94.3,86.5,82.1,73.8,
Lambert, Jimmy,669424,2021,27,93.6,82,84.9,75.6,
Rogers, Trevor,669432,2021,24,94.5,81.8,84.8,,
Bieber, Shane,669456,2021,26,92.8,85.7,87.4,83.1,
Barlow, Joe,669618,2021,26,94.5,85.9,,79.1,
Bender, Anthony,669622,2021,26,97.5,84.6,90.1,,
Long, Sammy,669674,2021,26,92.6,86.7,80.4,74.9,
Rodriguez, Chris,669735,2021,23,94.6,89.9,89.8,84.6,
Alexy, A.J.,669935,2021,23,93.3,80.9,85.8,76.2,
White, Mitch,669952,2021,27,94.4,86.4,87.3,82,
Baragar, Caleb,670056,2021,27,92.8,82.9,,78.1,
Mills, Wyatt,670090,2021,26,93.1,82.5,,,
Bednar, David,670280,2021,27,96.7,,,77.5,
Hammer, JD,670456,2021,27,94,82.7,,,
Oviedo, Johan,670912,2021,23,94.9,85.7,86.4,76.7,
Richards, Trevor,670950,2021,28,92.7,,84.5,84.2,
Uceta, Edwin,670955,2021,23,92.3,,87.6,80,
Ramirez, Yohan,670990,2021,26,95.4,82.5,,,
Detmers, Reid,672282,2021,22,92.8,85.6,83.4,73.5,
Perez, Cionel,672335,2021,25,96,82.4,88.7,,
Hernandez, Carlos,672578,2021,24,97.1,85.3,86.5,81.7,
Patino, Luis,672715,2021,22,95.7,86,87.6,77.8,
Guenther, Sean,674944,2021,26,93,82.5,87,,
Lowther, Zac,675912,2021,25,90.7,81.1,83.3,75.3,
Karinchak, James,675916,2021,26,95.9,,,83.2,
Howard, Spencer,675921,2021,25,94.2,79.4,79.3,74.5,
Naughton, Packy,676050,2021,25,90.5,82.9,81.7,74.5,
Heuer, Codi,676051,2021,25,95.9,87.3,87.2,,
Junk, Janson,676083,2021,25,92.5,80.5,87.9,79.3,
Elledge, Seth,676220,2021,25,,82.9,84.5,,
Abbott, Cory,676265,2021,26,92.6,87.7,87,84,
Bettinger, Alec,676424,2021,26,91.5,84.1,82,74.8,
Whitlock, Garrett,676477,2021,25,96.3,83.7,83.1,,
Fleming, Josh,676596,2021,25,91,,81.8,78.6,
Zuber, Tyler,676604,2021,26,94.6,84.4,85.5,79.5,
Margevicius, Nick,676606,2021,25,89.6,83.8,81.4,71.9,
Vest, Will,676684,2021,26,93.5,85.2,84.5,,
Whitley, Kodi,676831,2021,26,93.7,84.4,84.7,,
Peacock, Matt,676840,2021,27,,87.3,86.6,,
Ashby, Aaron,676879,2021,23,96.6,83.7,88.8,78.8,
de Geus, Brett,676969,2021,24,91.3,,,82.3,
Crochet, Garrett,676979,2021,22,96.7,85.2,91.8,,
Garcia, Luis,677651,2021,25,93.3,79.9,83.4,75.9,
Bruihl, Justin,677865,2021,24,,78.9,,,
Weathers, Ryan,677960,2021,22,94,86.6,86.6,,
Dobnak, Randy,677976,2021,26,93.5,84.2,84.5,,
Gray, Josiah,680686,2021,24,94.6,85.6,89.2,83.8,
Sandlin, Nick,680704,2021,24,94.4,79.3,,,
Wantz, Andrew,681806,2021,26,93.2,83.3,86.9,,
Warren, Austin,681810,2021,25,93.8,87.1,87.7,,
Vesia, Alex,681911,2021,25,93.8,85,85.9,,
Mears, Nick,683232,2021,25,95.6,,,79.1,
Arihara, Kohei,685503,2021,29,91.3,81.8,81.7,74.1,